id,calories,proteins,fat,carbohydrate,name,image,food_cluster,food_category
1,280.0,9.2,28.4,0.0,Abon,https://img-cdn.medkomtek.com/PbrY9X3ignQ8sVuj_LU9UXljyew=/0x0/smart/filters:quality(75):strip_icc():format(webp)/article/7g8ceHGDNMuttlBcXEl8d/original/099726800_1605161502-Mana-yang-Lebih-Sehat-Abon-Sapi-atau-Abon-Ayam-shutterstock_1361446550.jpg,1,Low Carb
3,0.0,0.0,0.2,0.0,Agar-agar,https://res.cloudinary.com/dk0z4ums3/image/upload/v1644389489/attached_image/manfaat-agar-agar-untuk-tubuh.jpg,0,Low Carb
19,58.0,0.30000000000000004,0.4,14.9,Apel,https://asset.kompas.com/crops/smfd25xgXRE3HpMLb2aamPeulYM=/21x0:1476x970/1200x800/data/photo/2022/08/30/630d7ae5d041f.jpg,0,Healthy
37,298.0,34.2,16.8,0.1,Ayam goreng kentucky,https://awsimages.detik.net.id/community/media/visual/2021/07/07/kirim-pesan-unik-kfc-2_43.jpeg?w=1200,2,High protein
40,287.0,31.0,15.7,1.7000000000000002,Ayam goreng,https://cdn1-production-images-kly.akamaized.net/EwEm3hoNsTm-YZSonSqX2IlcAaY=/1200x1200/smart/filters:quality(75):strip_icc():format(webp)/kly-media-production/medias/2938630/original/066858200_1571039590-shutterstock_153914045.jpg,2,High protein
47,264.0,18.2,20.1,2.7,Ayam taliwang,https://asset.kompas.com/crops/-oAqlkfrKHaqebhytdtKz-JV6ls=/4x0:1000x664/750x500/data/photo/2020/12/22/5fe16c7655542.jpg,1,High protein
48,473.0,45.2,26.3,13.9,Ayam usus goreng,https://img-global.cpcdn.com/recipes/fa7c9443ce9efcb5/1200x630cq70/photo.jpg,2,High protein
49,113.0,17.6,4.2,0.0,Babat,https://awsimages.detik.net.id/community/media/visual/2022/05/26/resep-bacem-babat-sapi.jpeg?w=1200,0,High protein
55,102.9,3.3,2.7,16.3,Bacang,https://cdn1-production-images-kly.akamaized.net/dmeIqjoEQPYVHvwOwc32D8B7EcI=/1200x675/smart/filters:quality(75):strip_icc():format(webp)/kly-media-production/medias/1495067/original/082497700_1486023784-bacang-fsui_wodpress.jpg,0,Healthy
63,272.0,8.7,6.7,44.1,Bakpia,https://asset.kompas.com/crops/BZ6Z25Y0XcjtoHBInh10nGsMM2Q=/3x0:700x465/750x500/data/photo/2021/03/17/60514d8851d3e.jpeg,4,Snack
64,76.0,4.1,2.5,9.2,Bakso,https://asset.kompas.com/crops/x6OULHa8pMi47UnvDTzf1j62ov4=/3x0:700x465/750x500/data/photo/2022/08/25/6306b48bb80a1.jpeg,0,Low Carb
66,280.0,8.2,10.2,39.0,Bakwan,https://i0.wp.com/resepkoki.id/wp-content/uploads/2019/04/Resep-Bakwan-Jagung-1.jpg?fit=1749%2C1920&ssl=1,4,Snack
80,30.0,1.3,0.7000000000000001,5.8,Bayam kukus,https://img-global.cpcdn.com/recipes/ff942e133f5dc64e/680x482cq70/bayam-kukus-foto-resep-utama.jpg,0,Low Carb
83,23.0,1.2,0.6000000000000001,3.7,Bayam rebus,https://img-global.cpcdn.com/recipes/5be8dc1e0002f811/1200x630cq70/photo.jpg,0,Low Carb
89,300.0,24.0,20.7,4.5,Bebek goreng,https://asset.kompas.com/crops/y8jlET9Zwl-5iykdc5t58sS-_KY=/0x52:1000x719/750x500/data/photo/2020/07/14/5f0d253a6edd5.jpg,1,High protein
91,258.0,10.6,9.5,32.5,Beef burger,https://www.certifiedirishangus.ie/wp-content/uploads/2019/11/TheUltimateBurgerwBacon_RecipePic.jpg,0,Snack
92,151.0,8.6,3.1,22.3,Beef teriyaki,https://asset.kompas.com/crops/JtJWsCZw_CXp5TnjjW6dWKhLgK0=/0x0:1000x667/1200x800/data/photo/2024/04/16/661e3cc6377c0.jpg,0,Snack
93,132.0,9.8,1.1,20.7,Beef yakiniku,https://asset.kompas.com/crops/awoHyKStB8lI_yqs1PTI3VjIHsE=/78x42:958x629/750x500/data/photo/2022/12/08/6391613d09412.jpg,0,Healthy
97,36.0,0.4,0.4,8.8,Belimbing,https://cdn0-production-images-kly.akamaized.net/vVBJG9Flt0ncPec4-hGyZftu4og=/1200x900/smart/filters:quality(75):strip_icc():format(jpeg)/kly-media-production/medias/2778801/original/086460500_1556885614-belimbing.jpg,0,Low Carb
99,417.0,25.9,19.4,32.0,Belut goreng,https://asset.kompas.com/crops/EIwKgK9ZA21scjpbrA9zMJehUIU=/100x67:900x600/750x500/data/photo/2021/03/23/6059483f259e2.jpeg,1,High protein
102,55.0,1.4,0.2,12.8,Bengkuang,https://img-cdn.medkomtek.com/IJ8JMiuKX4oTTRWfjH8p6L-y79U=/0x0/smart/filters:quality(100):format(webp)/article/UxdzvauUAW5QCopBgzq9A/original/1666912006-9%20Manfaat%20Bengkuang%20untuk%20Ibu%20Hamil.jpg,0,Healthy
145,199.0,2.1,1.5,44.4,Bika ambon,https://upload.wikimedia.org/wikipedia/commons/4/43/Kue_bika_ambon.JPG,4,Snack
148,458.0,6.9,14.4,75.1,Biskuit,https://s4.bukalapak.com/bukalapak-kontenz-production/content_attachments/57314/original/main_merek_biskuit_enak_shutterstock.jpg,4,Snack
157,249.0,3.4,0.4,58.0,Brem,https://upload.wikimedia.org/wikipedia/commons/c/c4/Brem_Madiun.JPG,4,Snack
158,400.0,4.0,0.7000000000000001,95.3,Brondong,https://cdn.idntimes.com/content-images/community/2020/07/lg-k15522919710053-2-25e6aa2e5c1611522cabcd2dad7de10f.jpg,4,Snack
159,141.0,15.3,3.3,12.6,Brongkos,https://asset.kompas.com/crops/GCuybR2DVru6BFg_rszv6WI4n_g=/0x0:1000x667/780x390/data/photo/2020/11/02/5f9f84e0407e9.jpg,0,High protein
166,71.0,1.7000000000000002,3.1,9.1,Buah naga merah,https://www.static-src.com/wcsstore/Indraprastha/images/catalog/full//85/MTA-51432240/no-brand_buah-naga-merah-segar-fresh-1-pcs_full01.jpg,0,Low Carb
167,56.0,0.8,1.0,10.9,Buah naga putih,https://cf.shopee.co.id/file/957f1f3ed49275a0fe2f2d9ac37524e4,0,Healthy
175,60.0,1.0,60.0,13.0,Bubur,https://awsimages.detik.net.id/community/media/visual/2021/12/13/resep-bubur-ayam-cincang_43.jpeg?w=1200,1,Snack
176,167.0,0.2,4.0,33.0,Bubur sagu,https://cdn.grid.id/crop/0x0:0x0/filters:format(webp):quality(100)/photo/2021/12/08/resep-bubur-sagu-menu-sarapan-m-20211208103101.jpg,0,Snack
178,72.0,11.4,4.9,1.4,Bulgogi,https://asset.kompas.com/crops/MGdiKvcc-R0j5purun8FmiLeX_U=/0x0:0x0/750x500/data/photo/2020/12/23/5fe2c9413a6ce.jpg,0,Low Carb
183,30.0,2.2,0.2,6.4,Buncis rebus,https://d1vbn70lmn1nqe.cloudfront.net/prod/wp-content/uploads/2022/11/15080206/selain-enak-ini-manfaat-buncis-rebus-yang-baik-untuk-kesehatan-halodoc.jpg,0,Low Carb
190,141.0,4.4,10.2,8.0,Buntil daun talas,https://i0.wp.com/borobudurnews.com/wp-content/uploads/2021/05/buntil-daun-talas-khas-Magelang.jpg?fit=979%2C579&ssl=1,0,Low Carb
203,97.0,5.8,6.3,4.2,Cap cai sayur,https://awsimages.detik.net.id/community/media/visual/2021/12/25/resep-capcay-kuah-kental.jpeg?w=1200,0,Low Carb
204,24.0,1.9,0.2,3.7,Carica papaya,https://i0.wp.com/ygi.or.id/wp-content/uploads/2021/10/Manfaat-pepaya-www.ygi_.or_.id_.jpg?resize=678%2C381&ssl=1,0,Low Carb
205,460.0,0.8,18.7,17.2,Cassavastick,https://media.istockphoto.com/id/903103922/photo/brazilian-food-mandioca-frita-deep-fried-cassava-root.jpg?s=612x612&w=0&k=20&c=RIZaQ0OELoqJeCQ-o2MwszL-uTwLxuW1q95PiZZmzcw=,1,Snack
206,116.0,3.0,0.4,28.6,Cempedak,https://images.genpi.co/uploads/kalbar/arsip/normal/2022/07/15/buah-cempedak-foto-istockphotocom-n3j5.jpg,0,Healthy
210,168.0,13.0,9.6,7.5,Chicken teriyaki,"https://cdn.apartmenttherapy.info/image/upload/f_jpg,q_auto:eco,c_fill,g_auto,w_1500,ar_16:9/k%2FPhoto%2FRecipes%2F2024-05-chicken-teriyaki-190%2Fchicken-teriyaki-190-171-horizontal",0,Low Carb
213,472.0,2.0,29.8,62.7,Coklat manis batang,https://www.mampu.or.id/wp-content/uploads/2022/10/6007a9065cace.jpeg,4,Snack
214,504.0,5.5,52.9,29.2,Coklat pahit batang,https://nilaigizi.com/assets/images/produk/produk_1535873875.jpg,1,Snack
215,381.0,9.0,35.0,53.6,Coklat susu batang,https://www.nyonyor.com/wp-content/uploads/2018/11/Harga-Coklat-Batangan-Terbaru-540x350.jpg,1,Snack
216,210.0,1.6,6.6,35.8,Combro,https://www.dapurkobe.co.id/wp-content/uploads/combro.jpg,0,Snack
217,241.0,16.0,25.0,0.0,Corned beef,https://www.jessicagavin.com/wp-content/uploads/2023/03/corned-beef-hash-15-1200.jpg,1,High protein
219,84.0,6.0,6.0,1.4,Coto sapi,https://asset.kompas.com/crops/ljY1r3f3HJaNEuLip3iARQOaK-E=/0x1226:3000x3226/750x500/data/photo/2021/06/11/60c2acf88c6f0.jpg,0,Low Carb
222,265.0,40.6,10.1,0.0,Cumi-cumi goreng,https://i0.wp.com/resepmasakandapurarie.com/wp-content/uploads/2014/09/Resep-Cumi-Goreng-Tepung-Crispy-.jpg,2,High protein
1079,182.0,32.0,6.0,0.0,Daging sapi asap,https://asset.kompas.com/crops/FMBgpWLQutfbdsgz0ZytI8a9JKo=/0x542:1080x1262/750x500/data/photo/2022/03/22/6239b98488b17.jpg,2,High protein
320,433.0,55.0,9.0,0.0,Dendeng daging sapi,https://awsimages.detik.net.id/community/media/visual/2022/02/20/resep-dendeng-sapi-medan_43.jpeg?w=700&q=90,2,High protein
321,598.0,74.3,26.9,9.2,Dendeng mujair goreng,https://img-global.cpcdn.com/recipes/c49ebd05c391ae54/680x482cq70/dendeng-mujair-foto-resep-utama.jpg,2,High protein
325,395.0,3.0,5.7,81.2,Dodol,https://asset.kompas.com/crops/e3JycmGm1r9fr7krT-Kj-p7R3m0=/32x18:1000x664/750x500/data/photo/2023/03/03/64014f11134b7.jpeg,4,Snack
335,63.0,1.0,0.2,16.1,Duku,https://smpn11.bimakota.sch.id/upload/kontent/1747192829_2f42bf8a03c37a94f1b6.jpg,0,Healthy
336,134.0,2.5,3.0,28.0,Durian,https://asset-a.grid.id/crop/0x0:0x0/x/photo/2023/01/20/alasan-mengapa-buah-durian-diseb-20230120035049.jpg,0,Healthy
341,590.0,18.5,57.0,0.0,Empal goreng,https://ikafood.com/wp-content/uploads/2020/09/Empal-Gepuk.jpg,1,High protein
350,210.0,4.0,12.5,20.6,Es krim,https://cdn0-production-images-kly.akamaized.net/HfkjSnesMVgDaS0dVGBUFFN6sZw=/1200x1200/smart/filters:quality(75):strip_icc():format(webp)/kly-media-production/medias/2769420/original/063670200_1554367843-birthday-break-caramel-461430.jpg,0,Snack
351,156.7,3.0,1.7000000000000002,32.7,Es krim (coconut milk) ,https://cdn.nutritioninthekitch.com/wp-content/uploads/2022/03/Coconut-ice-cream-5-800x1184.jpg,0,Snack
352,152.0,0.0,0.0,37.6,Es mambo,https://i.ytimg.com/vi/KaNuvRPUxrU/hq720.jpg?sqp=-oaymwEhCK4FEIIDSFryq4qpAxMIARUAAAAAGAElAADIQj0AgKJD&rs=AOn4CLAHLm88cAYfeWKD84DAlLJjg8RbiA,0,Snack
353,44.8,0.0,0.0,11.3,Es sirup,"https://cdn.yummy.co.id/content-images/images/20220619/xfaVB26SMb4zm5RAt72MsKdSiArIkWyc-31363535363231363533d41d8cd98f00b204e9800998ecf8427e.jpg?x-oss-process=image/resize,w_388,h_388,m_fixed,x-oss-process=image/format,webp",0,Healthy
354,270.0,12.3,15.9,19.3,Fillet o-fish,https://www.recipetineats.com/wp-content/uploads/2018/08/Homemade-Filet-O-Fish_3.jpg,0,Snack
356,137.0,6.1,3.2,21.0,Gado-gado,"https://blue.kumparan.com/image/upload/fl_progressive,fl_lossy,c_fill,f_auto,q_auto:best,w_640/v1634025439/6e77cc47631ebb72641e426f6746ae61b2f6a66640125185f0a16236c8ce593d.jpg",0,Healthy
381,360.0,1.3,6.4,74.3,Getuk goreng,https://resepkoki.id/wp-content/uploads/2016/03/Resep-Getuk-goreng.jpg,4,Snack
382,171.4,4.0,4.0,32.0,Getuk lindri,https://asset-a.grid.id/crop/0x0:0x0/x/photo/2018/12/21/1509136869.jpg,0,Snack
383,144.0,1.1,0.4,34.1,Getuk pisang,https://asset.kompas.com/crops/l3xnQh1pGb-JXXnQlqwMVzdfRMo=/0x0:1000x667/750x500/data/photo/2022/12/25/63a7a3ef59ddd.jpeg,0,Healthy
384,204.0,0.5,1.4,47.4,Getuk singkong,https://images.tokopedia.net/img/KRMmCm/2022/8/9/d04d11c4-f1e5-4595-8166-a53955b475ca.jpg,4,Snack
389,160.0,3.3,9.2,16.0,Gudeg,https://1.bp.blogspot.com/-dubLmtxl4XI/V9NzynrpH4I/AAAAAAAAZTY/Mh8U8r2Fy58EWteb0ARFDyZWj7Wot4n0ACLcB/s1600/A%2BGUDEG%2BBASAH%2BIG.jpg,0,Snack
396,148.0,10.0,9.8,5.0,Gulai ikan,https://www.dapurkobe.co.id/wp-content/uploads/gulai-ikan-pedas.jpg,0,Low Carb
397,126.0,4.2,9.4,6.2,Gulai kambing,https://www.dapurkobe.co.id/wp-content/uploads/gulai-kambing.jpg,0,Low Carb
401,132.0,9.0,7.2,7.8,Gulai jamur tiram,https://cdn0-production-images-kly.akamaized.net/wtj8vFULULeAeNeNyZSsZnfHABk=/0x321:1280x1042/500x281/filters:quality(75):strip_icc():format(webp)/kly-media-production/medias/5036322/original/059972300_1733384136-photo__2_.jpg,0,Low Carb
402,192.0,12.7,10.1,12.7,Gurame asam manis,https://d12man5gwydfvl.cloudfront.net/wp-content/uploads/2020/03/shutterstock_1561182373.jpg,0,Snack
412,456.0,46.5,24.4,0.0,Ikan asin gabus goreng,https://images.tokopedia.net/img/cache/700/product-1/2019/7/27/6486945/6486945_99c1b375-e266-42bb-b539-f5731fb74114_960_960.jpg,2,High protein
418,430.0,33.4,32.4,0.0,Ikan asin teri goreng,https://img-global.cpcdn.com/recipes/15714e008b15f3e0/680x482cq70/teri-segar-goreng-tanpa-minyak-foto-resep-utama.jpg,1,High protein
468,252.0,19.9,19.1,0.0,Ikan lele goreng,"https://blue.kumparan.com/image/upload/fl_progressive,fl_lossy,c_fill,f_auto,q_auto:best,w_640/v1634025439/01gj4z2tjvk8femk4gk1s3q3es.jpg",1,High protein
474,188.0,19.3,12.2,0.0,Ikan mas goreng,https://cdn1-production-images-kly.akamaized.net/PoXdFBAzit7rJj6MDEQSxQ35dT8=/0x462:5162x3371/1200x675/filters:quality(75):strip_icc():format(webp)/kly-media-production/medias/2930376/original/062217400_1570175183-shutterstock_445394449.jpg,0,High protein
475,209.0,15.2,11.3,11.8,Ikan mas pepes,https://www.primarasa.co.id/images/images/pepes%20ikan%20mas%20duri%20lunak%281%29%281%29.jpg,0,High protein
479,416.0,46.9,23.9,0.0,Ikan mujair goreng,https://i.ytimg.com/vi/AmTJgTlFhio/maxresdefault.jpg,2,High protein
480,121.0,21.7,2.8,0.8,Ikan mujair pepes,https://cnc-magazine.oramiland.com/parenting/original_images/pepes_ikan_mujair.jpg,0,High protein
486,144.0,17.5,6.3,4.3,Ikan patin bakar,https://awsimages.detik.net.id/community/media/visual/2022/05/16/resep-ikan-patin-bakar-bumbu-kecap-pedas_43.jpeg?w=1200,0,High protein
522,347.0,48.8,6.4,19.6,Ikan teri tepung,https://awsimages.detik.net.id/community/media/visual/2024/01/07/resep-ikan-teri-goreng-ketumbar_43.jpeg?w=1200,2,High protein
539,142.0,5.0,0.7000000000000001,30.3,Jagung muda rebus,https://img-global.cpcdn.com/recipes/692c7955006bca76/1200x630cq70/photo.jpg,0,Healthy
547,175.0,1.8,1.8,35.0,Jagung rebus,https://asset.kompas.com/crops/L0i8I7tD8bIDLcs9nVG_Ok9egfI=/0x0:1000x667/750x500/data/photo/2021/10/05/615b9e713eeda.jpg,0,Snack
553,286.0,48.5,9.2,2.3,Jambal goreng,https://img-global.cpcdn.com/recipes/c8380e9b21a49f17/680x482cq70/ikan-asin-jambal-goreng-renyah-tips-foto-resep-utama.jpg,2,High protein
554,46.0,0.6000000000000001,0.0,11.8,Jambu air,https://d1vbn70lmn1nqe.cloudfront.net/prod/wp-content/uploads/2022/10/17025702/manfaat-jambu-air-untuk-ibu-hamil-muda-halodoc.jpg.webp,0,Healthy
555,49.0,0.9,0.30000000000000004,12.2,Jambu biji,https://asset.kompas.com/crops/4TGyZIJJ3wev1NuC6g-2Pggg6tA=/51x58:931x644/750x500/data/photo/2022/10/28/635b7364a7089.jpg,0,Healthy
556,61.0,0.9,0.30000000000000004,15.4,Jambu biji putih,https://asset.kompas.com/crops/5tqZoxNrD7W4y60L4TJeRG9hIDM=/2x1:1000x667/375x240/data/photo/2021/06/15/60c8497419234.jpg,0,Healthy
557,56.0,0.6000000000000001,0.30000000000000004,14.2,Jambu bol,https://asset.kompas.com/crops/CRaVBVmC7B0888k4y86iwwNsCvo=/0x41:1000x707/750x500/data/photo/2021/06/15/60c82d8d8e0d2.jpg,0,Healthy
558,64.0,0.7000000000000001,0.6000000000000001,15.8,Jambu monyet,https://images.tokopedia.net/img/cache/500-square/product-1/2018/1/7/15542540/15542540_dac5a5c7-8e74-415d-b2c9-2725481acb7d_705_628.jpg,0,Healthy
573,381.7,9.5,9.5,65.8,Jenang,https://cdn.idntimes.com/content-images/community/2022/01/fromandroid-fbaa0f050bd3678e2e78518c3020f9f9_600x400.jpg,4,Snack
579,45.0,0.9,0.2,11.2,Jeruk manis,https://img.okezone.com/content/2015/07/30/298/1187784/tips-pilih-jeruk-berkualitas-baik-segar-oOeyrrcWKr.jpg,0,Healthy
588,330.0,23.8,1.4,60.2,Kacang arab,https://img.okezone.com/content/2021/02/04/298/2356167/mengenal-chickpea-kacang-arab-penuh-nutrisi-yang-baik-untuk-tubuh-ahltPCXlfV.jpg,4,High protein
589,533.0,27.8,38.1,28.8,Kacang atom,https://img-global.cpcdn.com/recipes/74c03b7bf26daaf4/680x482cq70/sukro-kacang-atom-foto-resep-utama.jpg,1,High protein
596,370.0,16.0,6.0,65.0,Kacang bogor kering,https://down-id.img.susercontent.com/file/id-11134207-7qul3-lirjt22bafyvb9,4,High protein
609,109.0,8.7,0.5,18.3,Kacang hijau rebus,https://awsimages.detik.net.id/community/media/visual/2020/03/17/0f8b294d-2ef8-4e15-bba5-ed01b3f6f25d_43.jpeg?w=1200,0,Healthy
614,445.0,11.0,11.0,65.5,Kacang kapri goreng,https://filebroker-cdn.lazada.co.id/kf/S79ca9b601e6c4f438321c6d1dfc619f2v.jpg,4,Snack
617,521.0,32.2,37.7,22.9,Kacang kedelai goreng,https://www.static-src.com/wcsstore/Indraprastha/images/catalog/full/catalog-image/93/MTA-155353341/no_brand_kacang_kedelai_goreng_gurih_-_250gr_-_makanan_ringan_enak_-_jajanan_kekinian_full01_a983ca6d.jpg,1,High protein
619,75.0,4.1,2.1,10.7,Kacang kedelai kukus,https://lh6.googleusercontent.com/proxy/NhhxNtXSKolQO-iCXHc7CxDN03g_XrUnU40ibMCG88kZlnNxK2jKkwzNHne_0DAG10ts_DVw3kV8KC74rVV08VzVAyAmfmhRFD0cNcJFHlTNuwVLpn005FPwGvXGfEzAE-0iZ1O7xhdAlLv1TqOB-_nunDay8iOAJv5ziiR3K6GPpqnm38xFZMcqMGTjQSpH2wvqfvFf34cOJO7Y9L6gl6Kc7A,0,Healthy
620,189.0,20.2,8.2,12.7,Kacang kedelai rebus,https://ayana-gohan.com/wp-content/uploads/steamed-soy-beans-step-4-510x286.jpg,0,High protein
630,158.0,10.3,0.9,28.2,Kacang merah kering rebus,https://asset.kompas.com/crops/Nas6r0JWAfSTCuULYQOzawPHY1I=/59x3:885x554/780x390/data/photo/2022/02/16/620ca71bcdae7.jpg,0,Snack
632,144.0,10.0,1.0,24.7,Kacang merah segar rebus,https://cdn1-production-images-kly.akamaized.net/sw7MW5kTq2GgNjLOMmVju4J51qI=/546x0:1994x1448/1200x900/filters:quality(75):strip_icc():format(webp)/kly-media-production/medias/2578999/original/060869200_1546581834-shutterstock_197295407.jpg,0,Healthy
634,629.0,20.4,56.3,19.8,Kacang mete goreng,https://fibercreme.com/wp-content/uploads/2025/02/Mete-B.webp,1,High protein
639,39.0,3.0,0.6000000000000001,7.6,Kacang panjang kukus,https://asset-a.grid.id/crop/0x0:0x0/700x465/photo/2021/08/20/kacang-panjangjpg-20210820065144.jpg,0,Low Carb
640,150.0,2.5,12.5,7.0,Kacang panjang tumis,https://asset.kompas.com/crops/If5HOEMwzIA4cyaXwjSvrF79U2E=/1x25:963x667/750x500/data/photo/2021/02/27/6039ddfacfede.jpg,0,Low Carb
642,484.0,8.8,26.1,57.7,Kacang sukro,"https://static.wixstatic.com/media/7fd6ee_f5d03547e42749c5b5f2ca58c19f3a99~mv2.jpg/v1/fill/w_480,h_480,al_c,q_80,usm_0.66_1.00_0.01,enc_avif,quality_auto/7fd6ee_f5d03547e42749c5b5f2ca58c19f3a99~mv2.jpg",4,Snack
645,564.0,25.5,44.4,25.5,Kacang tanah goreng,https://cdn.rasa.my/2018/10/Untitled-design33.png,1,High protein
648,385.0,14.0,31.0,13.0,Kacang tanah rebus,https://img-global.cpcdn.com/recipes/ff019c14f757cfbf/1200x630cq70/photo.jpg,1,Snack
650,513.0,17.5,32.5,44.3,Kacang tanah rempeyek,https://img.okezone.com/content/2020/06/15/298/2230610/resep-peyek-kacang-tanah-dan-udang-rebon-renyah-bikin-terus-ngunyah-3j0ZqjZUGs.jpg,1,High protein
651,569.0,28.8,48.4,15.8,Kacang tanah sangan,https://m.ftscrt.com/food/d14798a4-6726-4012-9d04-74d0b6eb88f8_lg_sq.jpg,1,High protein
654,748.0,20.8,20.8,124.8,Kacang telur,https://www.asterra.id/wp-content/uploads/2024/02/kacang-telor.jpg,4,High protein
659,451.0,11.2,20.2,59.7,Kacang tunggak rempeyek,https://img-global.cpcdn.com/recipes/e5c5f8d415c85a58/1200x630cq80/photo.jpg,4,Snack
674,30.0,3.2,0.7000000000000001,4.7,Kangkung kukus,https://cdn1-production-images-kly.akamaized.net/A3CuOjVcvmP6noevlbrt75x6srk=/1200x1200/smart/filters:quality(75):strip_icc():format(webp)/kly-media-production/medias/3446098/original/094275500_1619997238-stir-fried-vegetables-2245082_1280.jpg,0,Low Carb
675,22.0,2.5,0.6000000000000001,3.1,Kangkung rebus,https://cdn0-production-images-kly.akamaized.net/-w7C3Sli-qWhlPa4hmzbg324XkA=/190x0:855x665/1200x1200/filters:quality(75):strip_icc():format(webp)/kly-media-production/medias/4353847/original/077195900_1678438446-shutterstock_1262667451.jpg,0,Low Carb
677,52.0,1.8,3.6,3.0,Kangkung tumis,https://scm-assets.constant.co/scm/unilever/e9dc924f238fa6cc29465942875fe8f0/17ea3056-4e78-4d25-bd54-cf3a9296188b.jpg,0,Low Carb
683,146.7,5.9,5.9,19.7,Karedok,https://asset.kompas.com/crops/szsUOraQ00vakiV0314KT6-71v8=/0x0:1000x667/750x500/data/photo/2021/07/07/60e56c9f60649.jpg,0,Healthy
685,292.0,11.2,11.2,2.8,Karoket,https://img.mbizmarket.co.id/products/thumbs/800x800/2022/01/27/9f2eba3c7cec21900a01aa8336e0779e.jpg,0,Low Carb
691,464.0,1.2,18.6,73.0,Kecimpring singkong goreng,https://www.eresep.com/media/images/resep/2020/11/18/u9be0rva491sknkbkqfhhuifa1kecip.jpg.1000x650_q85.jpg,4,Snack
696,47.0,0.5,0.2,10.4,Kedondong,https://images.tokopedia.net/img/cache/500-square/VqbcmM/2021/12/4/5329d842-9637-48e3-9d33-eb653a5d9f88.jpg,0,Healthy
697,326.0,22.8,20.3,13.1,Keju,https://cdns.klimg.com/merdeka.com/i/w/news/2020/05/08/1175035/content_images/670x335/20200508114326-1-ilustrasi-keju-008-destriyana.jpg,1,High protein
700,17.0,0.2,0.1,3.8,Kelapa muda air,https://img.okezone.com/content/2023/02/10/298/2762492/6-manfaat-minum-air-kelapa-muda-selain-melepas-dahaga-TMckAbHjlI.jpeg,0,Low Carb
701,68.0,1.0,0.9,14.0,Kelapa muda daging,https://okuekspres.bacakoran.co/upload/df77f96cdf5c385640869155bcd7cfc4.jpg,0,Healthy
704,214.0,5.4,5.4,40.2,Klepon,https://static.uc.ac.id/fikom/2020/12/Pic-1.jpeg,0,Snack
708,380.0,48.9,13.8,23.3,Kembang tahu,https://asset.kompas.com/crops/sgS6iHzRJjt2l5GMjgtm8spQscM=/0x0:1000x667/750x500/data/photo/2020/08/22/5f412ff8eee87.jpg,2,High protein
713,83.0,2.0,0.1,19.1,Kentang rebus,https://stikeshb.ac.id/wp-content/uploads/2025/08/1.-Kentang-rebus-berapa-kalori.jpg,0,Healthy
724,586.0,4.9,40.6,50.2,Keripik bayam,https://asset.kompas.com/crops/jYESdylVwVMIxcGzRhIFfZhPjnI=/0x28:1000x694/750x500/data/photo/2021/06/12/60c3ff4b72ad0.jpeg,1,Snack
725,446.0,2.8,14.5,76.0,Keripik gadung,https://www.ngadipuro.desa.id/desa/upload/artikel/sedang_1634355777_keripik-gadung.jpg,4,Snack
726,448.0,2.7,18.8,67.1,Keripik kentang,https://asset.kompas.com/crops/TaJKfxhk6isVM1cCWS03MJ-LeZw=/32x12:1000x657/780x390/data/photo/2022/05/25/628d7e2eb24a9.jpg,4,Snack
728,598.0,8.3,43.8,42.6,Keripik oncom,https://www.static-src.com/wcsstore/Indraprastha/images/catalog/full//110/MTA-64985681/no-brand_keripik-oncom-goreng-250-gr-_full01.jpg,1,Snack
729,478.0,0.9,20.7,72.0,Keripik singkong,https://images.tokopedia.net/img/HCoJbh/2025/3/4/bdba2c17-ebb2-4a28-ad50-40c870c0d7c7.jpg,4,Snack
730,481.0,2.2,19.7,73.6,Keripik singkong berbumbu,https://www.primarasa.co.id/images/images/Keripik%20Singkong%20Balado%20-%20resep.jpg,4,Snack
731,581.0,12.1,40.6,41.7,Keripik tempe,https://asset.kompas.com/crops/KyUJtKB-FtZgdD7W79OVvCOMUyg=/32x53:1000x699/1200x800/data/photo/2022/05/26/628ed4697e327.jpeg,1,Snack
735,486.0,0.2,23.9,67.6,Keripik ubi,https://www.magfood.com/wp-content/uploads/2024/10/Resep-Usaha-Keripik-Ubi-Jalar-dan-Cara-Mengurus-Izin-Edarnya.jpg,4,Snack
737,350.0,0.5,0.2,85.9,Kerupuk aci,https://asset.tribunnews.com/gpTAmqBVBi8SP-EQaCFgEg4ioZE=/1200x675/filters:upscale():quality(30):format(webp):focal(0.5x0.5:0.5x0.5)/tribunnews/foto/bank/originals/kerupuk.jpg,4,Snack
738,444.0,6.9,14.6,71.3,Kerupuk cumi goreng,https://pesonanusantara.co.id/images/upload//p/e/pes-kerupuk-cumi-mgl.jpg,4,Snack
739,342.0,16.0,0.4,65.6,Kerupuk ikan,https://cdns.klimg.com/merdeka.com/i/w/news/2022/01/30/1402857/content_images/670x335/20220130223844-1-kerupuk-ikan-patin-001-fellyanda-suci-agiesta.jpg,4,High protein
741,504.0,5.6,28.1,57.1,Kerupuk kemplang goreng,https://asset.kompas.com/crops/Qu-uGRiw6A4NINs_6VhIZBrvp1I=/0x386:667x831/750x500/data/photo/2021/05/12/609b4a1d9af08.jpg,1,Snack
742,356.0,9.7,1.1,76.9,Kerupuk kemplang panggang,https://cdns.klimg.com/merdeka.com/i/w/news/2020/11/20/1244821/content_images/670x335/20201120144433-1-ilustrasi-kemplang-001-tantri-setyorini.jpg,4,Snack
743,422.0,83.0,4.0,0.0,Kerupuk kulit,https://halalmui.org/wp-content/uploads/2022/09/2022-09-01-Kerupuk-Kulit-Kenali-Bahaya-dan-Potensi-Haramnya.jpg,2,High protein
745,431.0,11.1,16.2,63.0,Kerupuk melinjo,https://upload.wikimedia.org/wikipedia/commons/0/08/Emping_blinjo_Sidoarjo.jpg,4,Snack
748,476.0,0.1,21.1,71.3,Kerupuk mie kuning goreng,https://arengaindonesia.com/wp-content/uploads/2023/03/Kerupuk-mie-kuning.jpg,4,Snack
752,477.0,4.7,20.5,68.5,Kerupuk udang,https://images.alodokter.com/dk0z4ums3/image/upload/v1760598875/attached_image/kalori-kerupuk-udang-dan-cara-konsumsi-yang-sehat.jpg,4,Snack
753,588.0,53.7,40.9,1.2,Kerupuk urat,https://id-test-11.slatic.net/p/80a65d4913d0625156efeb4da87759be.jpg,2,High protein
754,78.0,0.8,0.4,20.0,Kesemek,https://d1vbn70lmn1nqe.cloudfront.net/prod/wp-content/uploads/2023/02/08040440/catat-ini-manfaat-buah-kesemek-bagi-kesehatan-tubuh-halodoc.jpg,0,Healthy
755,181.0,4.0,1.2,37.3,Ketan hitam matang,https://asset.kompas.com/crops/agGJ3o2lK5eMmT-VkGdijGLjgpQ=/0x0:1000x667/750x500/data/photo/2020/10/26/5f965ccbd7c1a.jpg,0,Snack
756,163.0,3.0,0.4,35.7,Ketan putih matang,https://asset-a.grid.id/crop/0x0:0x0/700x465/photo/2018/10/13/211488655.jpg,0,Snack
757,340.0,11.0,11.0,54.0,Ketapang,https://cdn0-production-images-kly.akamaized.net/bEFvWpDkZsFCndvlKQ2liamvXwM=/0x287:3046x2004/1200x675/filters:quality(75):strip_icc():format(webp)/kly-media-production/medias/3989958/original/069432700_1649474910-biji_ketapang.jpg,4,Snack
760,153.0,1.2,0.30000000000000004,36.4,Singkong kukus,https://assets.tmecosys.com/image/upload/t_web_rdp_recipe_584x480_1_5x/img/recipe/ras/Assets/4EE2DD84-CD15-42AA-A7E1-F2EF8BF51815/Derivates/50F61E79-E013-4C7C-BA80-A4EE3E744498.jpg,0,Snack
763,153.0,7.9,7.7,13.0,Ketoprak,https://asset.kompas.com/crops/BiN_oCxCDgkO09b1B_FPfZuvGBw=/0x0:739x493/750x500/data/photo/2020/01/29/5e318845429db.jpg,0,Snack
765,212.0,4.0,4.6,38.6,Ketupat ketan,https://awsimages.detik.net.id/community/media/visual/2022/05/01/ketupat-ketan-khas-sumatra-2.jpeg?w=1200,0,Snack
766,109.6,2.6,2.6,18.6,Ketupat tahu,https://asset-a.grid.id/crop/0x0:0x0/x/photo/2021/06/09/resep-kupat-tahu-menu-sarapan-n-20210609032448.jpg,0,Healthy
793,440.0,3.8,18.5,64.5,Kue ali,https://awsimages.detik.net.id/community/media/visual/2022/06/21/resep-kue-cincin_43.jpeg?w=1200,4,Snack
794,186.7,1.6,1.6,39.6,Kue apem,https://cdn0-production-images-kly.akamaized.net/1vXhapwViv08dtFYbhhKKEfqiJ0=/0x542:4608x3139/1200x675/filters:quality(75):strip_icc():format(webp)/kly-media-production/medias/3479555/original/004272600_1623394884-shutterstock_1952418853.jpg,0,Snack
795,338.0,1.5,1.2,80.3,Kue bangket,https://asset.kompas.com/crops/1zdz3_jE_GfEVcRZKtgL2GokVrA=/0x0:1000x667/750x500/data/photo/2023/02/24/63f805fb8890f.jpeg,4,Snack
796,240.0,1.0,4.0,54.0,Kue bugis,https://asset.kompas.com/crops/hHVyMg5BiDHITqTbKdbpz1Un4_c=/0x0:1000x667/750x500/data/photo/2022/06/21/62b109f77f78c.jpeg,4,Snack
797,425.0,1.6,8.8,84.6,Kue jahe,https://asset.kompas.com/crops/0C8I0octNRLHlEXSnHOsW4_uxIg=/0x0:780x520/1200x800/data/photo/2023/11/21/655c846771b74.jpg,4,Snack
798,591.0,5.6,42.1,47.5,Kue kelapa,https://www.tasteofhome.com/wp-content/uploads/2024/11/EXPS_TOHD24_1303_EricKleinberg_7.jpg,1,Snack
799,366.0,4.2,4.3,7.9,Kue koya,https://halosemarang.id/wp-content/uploads/2023/05/c7a6cb88-4935-4f13-bab8-40de6bb865f5.jpg,0,Low Carb
800,291.0,3.6,11.1,44.1,Kue lumpur kentang,"https://blue.kumparan.com/image/upload/fl_progressive,fl_lossy,c_fill,f_auto,q_auto:best,w_640/v1608350845/q62yj81cx72iq8trfb3l.jpg",4,Snack
801,182.0,1.0,1.0,40.4,Kue mangkok,https://asset.kompas.com/crops/k4CXyMRoXxEJrAZCNEQsebZ1y3U=/0x0:1000x667/1200x800/data/photo/2022/01/30/61f5f04de19c7.jpeg,0,Snack
802,126.7,0.7000000000000001,0.7000000000000001,57.3,Kue pacar cina,https://i.ytimg.com/vi/etib_rUorm4/maxresdefault.jpg,4,Healthy
804,304.0,5.3,7.0,54.9,Kue putu cangkir,https://i.ytimg.com/vi/GH8hVDZ3AZA/maxresdefault.jpg,4,Snack
805,217.0,1.2,0.5,53.2,Kue putu singkong,https://asset.kompas.com/crops/4HYsevQAK_PJOcsTRt4Tl0vo4YI=/0x0:1000x667/750x500/data/photo/2021/06/10/60c19ee3dbc24.jpg,4,Snack
806,393.3,2.7,2.7,79.3,Kue satu,https://blog.tokowahab.com/wp-content/uploads/2025/09/Cara-Membuat-Resep-Kue-Satu-Kacang-Hijau-Jadul-Renyah-dan-Meleleh-di-Mulut.jpg,4,Snack
807,380.0,1.0,1.0,92.0,Kue semprong,https://asset.kompas.com/crops/jT3TeOZw6jjDRXgh1-P9Yrz0enI=/0x0:1000x667/750x500/data/photo/2022/01/21/61ea314112848.jpg,4,Snack
808,221.0,7.5,10.2,24.8,Kue sus,https://www.trenmedia.co.id/wp-content/uploads/2025/11/img-20240208-174539-38c6ac8fa2a8321914ada562585019631.jpg,0,Snack
809,180.0,5.0,5.0,32.0,Kue talam ubi,https://storage.googleapis.com/bakingworld-web-production/uploads/media/content_banner/banner-talam-labu-1741061322413.jpg,0,Snack
810,512.0,26.0,26.0,60.4,Kue tambang,https://asset.kompas.com/crops/x2yGurVUxpP-COxvvOjVx2P7lL0=/100x67:900x600/750x500/data/photo/2022/04/14/62578f6fbc8b8.jpg,1,High protein
811,247.0,2.9,4.2,49.5,Kue thipan,https://asset.kompas.com/crops/fXb2bs6UVUJNODIGbh7aFfAzUE4=/41x33:950x639/750x500/data/photo/2021/03/05/6041b846aa175.jpg,4,Snack
816,515.0,30.6,42.1,13.8,Kuaci,https://lzd-img-global.slatic.net/g/p/38df63d32f7205e9f443bd8cac8ef122.jpg_720x720q80.jpg_.webp,1,High protein
822,166.3,2.7,3.9,29.5,Laksa,https://asset.kompas.com/crops/cmvexYXhxB1oyebUTtLncpQTxNE=/256x116:1280x798/750x500/data/photo/2022/10/11/63455e3290f0e.jpg,0,Snack
828,56.0,0.9,0.2,14.3,Langsat,https://d1vbn70lmn1nqe.cloudfront.net/prod/wp-content/uploads/2022/12/07070452/cegah-penyakit-kronis-ini-manfaat-buah-langsat-bagi-kesehatan-halodoc.jpg.webp,0,Healthy
830,422.0,0.9,10.8,80.4,Kerupuk lanting,https://img.freepik.com/foto-premium/lanting-atau-klanting-adalah-sejenis-camilan-kerupuk-tradisional-yang-terbuat-dari-singkong_514255-2103.jpg,4,Snack
831,389.0,6.6,15.7,55.5,Lapis legit,https://i.ytimg.com/vi/XHMttzyuqHY/hq720.jpg?sqp=-oaymwEhCK4FEIIDSFryq4qpAxMIARUAAAAAGAElAADIQj0AgKJD&rs=AOn4CLC5o9AR-V6P1SZjsFLu8F2ntm8pWQ,4,Snack
842,34.0,0.5,0.8,6.2,Lemon,https://asset.kompas.com/crops/rhXo_XxmQeotI8VocNxI-r4P_z4=/192x230:1728x1254/1200x800/data/photo/2021/02/03/601a928049052.jpg,0,Low Carb
843,36.0,0.0,0.0,10.0,Lemonade,https://i0.wp.com/blog.duniamasak.com/wp-content/uploads/Manfaat-dari-Citrus-Squash.jpg?fit=900%2C520&ssl=1,0,Low Carb
845,221.3,3.8,3.6,43.4,Lemper,https://awsimages.detik.net.id/community/media/visual/2022/03/30/resep-lemper-ayam_43.jpeg?w=1200,4,Snack
848,33.0,1.9,0.1,7.4,Leunca,https://asset.kompas.com/crops/VIU7rFIvSmmh1ZsQ2xoBcH70ljU=/0x0:996x664/750x500/data/photo/2020/09/28/5f70e1ea615e3.jpg,0,Low Carb
849,240.0,7.8,0.5,51.3,Lepet ketan,https://thumb.viva.id/vivabanyuwangi/1265x711/2025/07/18/687a60f29a41a-lepet-ketan-hitam-camilan-kukus-tradisional_banyuwangi.jpg,4,Snack
854,27.0,0.4,0.2,6.0,Lontar,https://images.alodokter.com/dk0z4ums3/image/upload/v1695607846/attached_image/7-manfaat-buah-lontar-untuk-kesehatan.jpg,0,Low Carb
857,164.0,1.8,2.1,34.5,Lupis ketan,https://asset.tribunnews.com/PM3S7GsJPddP86_JsQD5qduT8OQ=/1200x675/filters:upscale():quality(30):format(webp):focal(0.5x0.5:0.5x0.5)/style/foto/bank/originals/lupis_20180228_221804.jpg,0,Snack
858,294.0,0.30000000000000004,0.0,79.5,Madu,https://asset.kompas.com/crops/xLLMihh3EZy1CwtkPn_4DGDwe9A=/0x8:1000x675/750x500/data/photo/2020/11/12/5facc84db5083.jpg,4,Snack
870,52.0,0.7000000000000001,0.0,12.3,Mangga,https://cdn-jpr.jawapos.com/images/6/2025/11/03/Buah-Mangga-2260599603.jpg,0,Healthy
871,63.0,0.6000000000000001,0.6000000000000001,15.6,Manggis,https://upload.wikimedia.org/wikipedia/commons/b/bd/Mangosteen1.jpg,0,Healthy
873,144.0,3.5,1.2,29.8,Markisa,https://sc04.alicdn.com/kf/U9a58688525d24e25a10c656a5b19874cy.jpg,0,Healthy
874,217.0,2.5,1.0,49.6,Markisa squash,https://asset-a.grid.id/crop/0x0:0x0/x/photo/2021/02/16/resep-squash-markisa-mint-minum-20210216051340.jpg,4,Snack
876,265.3,4.7,5.5,49.3,Martabak manis,https://d12man5gwydfvl.cloudfront.net/wp-content/uploads/2018/11/HappyFresh_resep_martabak-e1635393398140.jpg,4,Snack
879,200.0,8.9,5.1,29.5,Martabak telur,https://cdn-jpr.jawapos.com/images/9/2026/03/09/martabak-telur-2147769257.png,0,Snack
884,37.0,0.6000000000000001,0.4,7.8,Melon,https://asset.kompas.com/crops/6GJGDA9CwVlnWtfhcImRgwyoj3Y=/0x0:1811x1207/750x500/data/photo/2022/09/22/632c0d9940fcd.jpg,0,Low Carb
890,71.0,0.2,0.8,15.9,Mie gelosor,https://cdn.antaranews.com/cache/1200x800/2018/05/MieGlosor.jpg,0,Healthy
892,113.0,3.0,3.2,18.1,Mie rebus,https://imgx.sonora.id/crop/0x0:0x0/x/photo/2020/12/08/2585426274.jpg,0,Healthy
893,102.0,6.2,3.9,10.5,Mie ayam,https://i.ytimg.com/vi/QiZt1ALYVEQ/hq720.jpg?sqp=-oaymwEhCK4FEIIDSFryq4qpAxMIARUAAAAAGAElAADIQj0AgKJD&rs=AOn4CLCvsiWPunf-Yh1MTqZcv8sGKooajw,0,Healthy
894,114.0,5.3,3.0,16.4,Mie bakso,https://upload.wikimedia.org/wikipedia/commons/a/a9/Indonesian_bakso%2C_with_noodle_and_bean_sprouts%2C_April_2018_%2803%29.jpg,0,Healthy
898,468.0,7.6,20.4,62.4,Mie goreng,https://cdn0-production-images-kly.akamaized.net/rF9J7T6wYPBakuzlp-ym1JveG6w=/0x342:5989x3718/1200x675/filters:quality(75):strip_icc():format(jpeg)/kly-media-production/medias/3930827/original/066100900_1644554867-shutterstock_1984582070.jpg,4,Snack
911,218.0,0.8,16.0,50.2,Misro,https://resepkoki.id/wp-content/uploads/2016/03/Resep-Misro.jpg,4,Snack
916,52.0,0.4,0.2,13.7,Nanas,https://awsimages.detik.net.id/community/media/visual/2025/05/03/ilustrasi-buah-nanas-1746274244503_43.jpeg?w=600&q=90,0,Healthy
921,180.0,3.0,0.30000000000000004,39.8,Nasi putih,https://asset.kompas.com/crops/V8z5REsWvqpu4CxKPWl_Ukg7CNI=/151x100:1349x898/780x390/data/photo/2022/01/08/61d9973b79cbd.jpg,0,Snack
922,149.0,2.8,0.4,32.5,Nasi beras merah,https://s3-publishing-cmn-svc-prd.s3.ap-southeast-1.amazonaws.com/article/rUxw8XlHaX2c9-h5yc7HY/original/040875600_1597227596-Nasi-Merah-dan-Nasi-Shirataki_-Mana-yang-Lebih-Sehat-shutterstock_218578489.jpg,0,Healthy
924,276.0,3.2,3.2,30.2,Nasi goreng,https://asset.kompas.com/crops/2RnTJZK6E9ABjS_1qmItNjI1hls=/0x0:5760x3840/750x500/data/photo/2023/02/14/63eb12fb840da.jpg,0,Snack
926,357.0,8.8,0.5,79.5,Nasi jagung,https://d1vbn70lmn1nqe.cloudfront.net/prod/wp-content/uploads/2025/07/04032928/nasi-jagung.jpg.webp,4,Snack
928,155.0,10.3,4.2,19.1,Nasi rames,https://cdn.grid.id/crop/0x0:0x0/filters:format(webp):quality(100)/photo/2023/05/16/resep-nasi-rames-udang-telur-puy-20230516023301.jpg,0,Snack
929,120.0,2.4,0.4,26.0,Nasi tim polos,https://www.ibudanbalita.com/uploads/posts/hUcCnnhME9.jpeg,0,Healthy
930,253.3,4.3,21.0,11.7,Nasi uduk,https://www.dapurkobe.co.id/wp-content/uploads/nasi-uduk-kobe.jpg,0,Snack
937,363.3,19.3,19.3,40.3,Oncom goreng,https://www.dapurkobe.co.id/wp-content/uploads/oncom-goreng.jpg,1,High protein
945,40.0,2.0,2.0,3.0,Tumis oncom,https://cdn.idntimes.com/content-images/community/2022/02/img-20220215-221041-46e2f5aecb68d33317c733fcbbadfb19-3b67f78530f06dc0bb76ba7e4c795a5a_600x400.jpg,0,Low Carb
946,76.0,5.2,1.8,10.6,Oncom pepes,https://asset-a.grid.id/crop/0x0:0x0/700x465/photo/sasefoto/original/33239_pepes-oncom-teri.jpg,0,Healthy
947,288.6,8.3,8.9,44.3,Onde-onde,https://d1vbn70lmn1nqe.cloudfront.net/prod/wp-content/uploads/2023/12/15094206/Ini-Resep-Onde-Onde-isi-kacang-hijau-yang-empuk.jpg.webp,4,Snack
948,115.0,1.5,6.0,14.0,Ongol-ongol,https://blog.tokowahab.com/wp-content/uploads/2020/01/Resep-Ongol-Ongol.jpg,0,Healthy
950,940.0,36.0,42.0,104.0,Opak singkong,https://cf.shopee.co.id/file/f10cd2d5ad4812daf630547293706737,1,High protein
960,61.0,0.2,0.1,14.9,Papeda,https://assets.telkomsel.com/public/2024-12/Sejarah-Papeda-Sajian-Mirip-Lem-Khas-Timur-Indonesia.jpg,0,Healthy
965,307.0,4.5,13.3,42.4,Pastel,https://img-global.cpcdn.com/recipes/66d15fa15c092e35/1200x630cq70/photo.jpg,4,Snack
969,75.0,2.5,2.8,10.0,Pelecing kangkung,https://awsimages.detik.net.id/community/media/visual/2021/11/30/resep-plecing-kangkung-khas-lombok_43.jpeg?w=1200,0,Low Carb
971,162.0,4.9,3.0,27.8,Pempek adaan,https://asset.kompas.com/crops/ZCo2_DcJAXGslXbYIM3Zv4nCzsA=/0x41:1000x708/750x500/data/photo/2021/03/01/603c1e79dd9d3.jpg,0,Snack
973,152.0,4.5,2.3,28.2,Pempek kapal selam,https://blog.duniamasak.com/wp-content/uploads/image2-1024x1024.jpeg,0,Snack
976,173.0,7.2,1.2,33.4,Pempek lenjer,https://s0.bukalapak.com/uploads/content_attachment/fd3107d582c4f80e5448ada5/original/foto_utama_pempek_2.jpg,0,Snack
980,275.0,11.6,11.6,30.2,Pepaya lodeh,https://imgx.sonora.id/crop/0x0:0x0/x/photo/2023/01/31/60b81f9063ed1jpg-20230131021627.jpg,0,Snack
982,46.0,0.5,12.0,12.2,Pepaya,https://melayupedia.com/foto_berita/2021/10/2021-10-29-suka-buah-pepaya-yuk-olah-jadi-minuman-yang-segar.jpeg,0,Snack
991,514.0,1.0,27.8,647.0,Pilus,https://asset.kompas.com/crops/S7g9b7Wq4I4Ut3RoExzI7yd2mL4=/0x0:1000x667/750x500/data/photo/2021/12/10/61b2aa4cbd1f3.jpg,4,Snack
995,153.0,30.0,2.8,0.0,Ikan pindang,https://cdn-brilio-net.akamaized.net/news/2021/10/26/215843/1585222-resep-kreasi-ikan-pindang-tanpa-santan.jpg,2,High protein
1002,220.0,2.3,2.3,6.3,Pisang goreng,https://awsimages.detik.net.id/community/media/visual/2022/06/28/resep-pisang-goreng-keriting_43.jpeg?w=1200,0,Low Carb
1030,69.0,0.9,0.1,18.1,Rambutan,https://www.homegrown.in/upload/product/big1193470275.jpg,0,Healthy
1037,60.0,5.4,2.5,4.0,Rawon,https://cdn0-production-images-kly.akamaized.net/SMbbcc_yTZj6BHeSAljP-kql1t4=/1280x720/smart/filters:quality(75):strip_icc()/kly-media-production/medias/1281223/original/030607000_1467613172-rawon-setan.jpg,0,Low Carb
1045,193.0,22.6,7.9,7.8,Rendang sapi,https://www.dapurkobe.co.id/wp-content/uploads/rendang-daging.jpg,0,High protein
1046,471.0,4.7,21.8,64.1,Rengginang,https://cdn.idntimes.com/content-images/community/2019/05/rengginang-manis-768x509-a83023517a0077a930f4f7d1c113f41d.jpg,4,Snack
1048,335.0,5.3,3.5,70.5,Risoles,https://www.astronauts.id/blog/wp-content/uploads/2023/05/Membuat-Risoles-Sayur-dengan-Mudah-dan-Praktis-di-Rumah.jpg,4,Snack
1053,153.0,11.3,8.4,8.0,Rujak cingur,https://imgx.sonora.id/crop/0x0:0x0/x/photo/2024/10/11/rujak-cingurjpg-20241011043422.jpg,0,Low Carb
1054,41.0,1.4,0.30000000000000004,8.1,Rumput laut,https://d1vbn70lmn1nqe.cloudfront.net/prod/wp-content/uploads/2022/10/05082243/Jarang-Disadari-Ini-X-Manfaat-Rumput-Laut-bagi-Kecantikan.jpg.webp,0,Low Carb
1064,452.0,2.8,14.8,76.8,Kue sagon,https://img-global.cpcdn.com/recipes/7ef0227dcd1a60ed/1200x630cq80/photo.jpg,4,Snack
1066,364.0,0.1,0.2,90.5,Sagu rendang,"https://cdn.yummy.co.id/content-images/images/20210617/uUeNDZ8qYDRvPIVcPSOakv9dpnYbnBpP-31363233393035303734d41d8cd98f00b204e9800998ecf8427e.jpg?x-oss-process=image/resize,w_388,h_388,m_fixed,x-oss-process=image/format,webp",4,Snack
1071,87.0,0.8,0.4,20.1,Salak,https://tribratanews.polri.go.id/web/image/blog.post/58213/image,0,Healthy
1072,281.0,2.4,0.7000000000000001,66.1,Sale pisang basah,https://filebroker-cdn.lazada.co.id/kf/Sabd993c7491d4b38a80cebeb50247adcq.jpg,4,Snack
1082,289.0,16.0,25.0,0.0,Sapi daging kornet,https://s4.bukalapak.com/attachment/418432/pengertian_kornet_main_image.jpg,1,High protein
1094,268.0,23.9,12.7,14.5,Sapi paru goreng,https://www.finnafood.com/blog/wp-content/uploads/2023/11/cara-masak-paru-sapi.jpg,2,High protein
1097,338.0,21.1,27.0,1.0,Sardine kaleng,https://image.idn.media/post/20240912/640-sardines-canned-fish-served-on-a-white-plate-5f33a6106b7b2abdfec00ff311918826-fa27db81c17862104d40d0ecebc7b158.jpg,1,High protein
1100,283.0,12.1,16.8,20.9,Sate bandeng,https://asset.kompas.com/crops/4UfXhXtR7hK2atnUpqKRHGbhFuk=/3x0:700x465/750x500/data/photo/2021/02/16/602b2a91ca7f1.jpg,1,Snack
1101,110.0,15.5,0.5,11.5,Sate kulit,https://portal.riau24.com/news/20210330/riau24_1617074021.jpeg,0,High protein
1104,126.7,14.0,7.3,1.3,Sate usus,https://assets.pikiran-rakyat.com/crop/0x0:0x0/x/photo/2022/03/17/92418359.jpeg,0,Low Carb
1109,92.0,0.5,1.1,22.4,Sawo,https://asset-a.grid.id/crop/0x0:0x0/700x465/photo/2022/02/18/manfaat-makan-buah-sawojpg-20220218054230.jpg,0,Healthy
1113,29.0,0.7000000000000001,0.6000000000000001,5.0,Sayur asem,https://assets.unileversolutions.com/recipes-v2/254263.jpg,0,Low Carb
1120,27.0,1.3,2.0,1.0,Sayur sop,https://www.astronauts.id/blog/wp-content/uploads/2022/07/Resep-Sayur-Sop-Bening-Enak-dan-Gurih-Cocok-Saat-Tubuh-Kurang-Fit-1024x683.jpg,0,Low Carb
1125,19.0,2.7,0.2,2.9,Selada air rebus,"https://cdn.yummy.co.id/content-images/images/20210709/49DvTl27doQU4KTcGvMeptYfrUCVyrTW-31363235383338343334d41d8cd98f00b204e9800998ecf8427e.jpg?x-oss-process=image/format,webp",0,Low Carb
1127,28.0,0.5,0.2,6.9,Semangka,https://cdn.timesmedia.co.id/images/2018/10/03/Semangka-Merah.jpg,0,Low Carb
1128,192.5,4.5,6.0,30.3,Semur jengkol ,https://assets.unileversolutions.com/recipes-v2/242765.jpg,0,Snack
1138,285.0,1.0,18.0,28.0,Singkong goreng,https://kabarbaik.co/wp-content/uploads/2024/06/singkong-goreng.jpeg,0,Snack
1139,146.0,1.2,0.30000000000000004,34.7,Singkong kukus,https://asset.kompas.com/crops/5kSIoZRz5urTHMM1PdoIQ64E0zU=/0x0:996x664/750x500/data/photo/2021/08/21/61208628cd52c.jpg,0,Healthy
1140,173.0,0.5,0.1,42.5,Singkong tape,https://image-cdn.medkomtek.com/KWOw6uO2QBAVuCumxbrxIkbIIek=/1200x675/smart/klikdokter-media-buckets/medias/2321509/original/051458700_1606124573-Awas-Kebanyakan-Makan-Tape-Singkong-Bikin-Keputihan-shutterstock_1790685980.jpg,0,Snack
1141,95.3,4.4,2.2,14.4,Siomay,https://awsimages.detik.net.id/community/media/visual/2021/11/17/resep-siomay-ayan-jamur_43.jpeg?w=1200,0,Healthy
1142,65.0,1.0,0.30000000000000004,16.3,Sirsak,https://assets.pikiran-rakyat.com/crop/0x0:0x0/x/photo/2021/09/20/3327403627.jpeg,0,Healthy
1144,71.0,7.5,3.6,2.2,Sop buntut,https://www.unileverfoodsolutions.co.id/dam/global-ufs/mcos/SEA/calcmenu/recipes/ID-recipes/red-meats-&-red-meat-dishes/oxtail-soup/main-header.jpg,0,Low Carb
1145,49.0,5.8,0.5,5.3,Sop daging sapi,https://www.unileverfoodsolutions.co.id/dam/global-ufs/mcos/SEA/calcmenu/recipes/ID-recipes/sop-daging-sapi-empuk-untuk-menu-family-friendly/header_2.jpg,0,Low Carb
1146,68.0,9.0,1.9,3.7,Sop kaki sapi,https://cdn0-production-images-kly.akamaized.net/lZa6EGWvvD4JtdC45Rvnt5clnb8=/0x192:999x755/1200x675/filters:quality(75):strip_icc():format(jpeg)/kly-media-production/medias/4304744/original/029725800_1674798664-shutterstock_2090300140.jpg,0,Low Carb
1147,34.0,5.5,0.8,1.1,Sop kambing,https://images.tokopedia.net/img/KRMmCm/2023/6/15/90e4ad11-3aaf-4fd5-a705-2abd8fe7490e.jpg,0,Low Carb
1154,135.0,2.5,8.8,11.5,Soto daging,https://www.unileverfoodsolutions.co.id/dam/global-ufs/mcos/SEA/calcmenu/recipes/ID-recipes/soups/soto-betawi/main-header.jpg,0,Healthy
1156,92.0,11.8,4.3,1.4,Soto jeroan sapi,https://asset.kompas.com/crops/KH89MNpTeaw9Mv7y43sndZ6nyto=/0x448:667x892/1200x800/data/photo/2021/07/17/60f22e25d9c9e.jpeg,0,Low Carb
1164,117.1,0.4,8.6,9.6,Soto tanpa daging ,https://image.idn.media/post/20240606/close-shot-zeama-1268-18345-dc1224f31ff238dcdb099bf4e29c6b52-553a907af4e4c44976b19ab905fe8f4c.jpg,0,Low Carb
1165,139.0,7.4,2.1,22.6,Spaghetti,https://lilluna.com/wp-content/uploads/2014/07/spaghetti-recipe-resize-9.jpg,0,Healthy
1166,101.0,1.7000000000000002,0.6000000000000001,35.2,Srikaya,https://images.tokopedia.net/blog-tokopedia-com/uploads/2021/02/Manfaat-Buah-Srikaya-untuk-Kesehatan.jpg,0,Healthy
1173,41.0,3.5,2.5,5.0,Susu kedelai,https://www.astronauts.id/blog/wp-content/uploads/2022/11/Ini-Keunggulan-Susu-Kedelai-Dibanding-Susu-Sapi-yang-Tidak-Banyak-Orang-Tahu-1200x900.jpg,0,Low Carb
1177,61.0,3.2,3.5,4.3,Susu sapi,https://awsimages.detik.net.id/community/media/visual/2022/01/16/ciri-ciri-susu-sapi-segar-sudah-basi-1.jpeg?w=1200,0,Low Carb
1185,347.0,0.5,0.9,84.2,Ayam suwir,https://www.dapurkintamani.com/wp-content/uploads/2023/09/ayam-suwir-bumbu-bali.webp,4,Snack
1187,115.0,9.7,8.5,2.5,Tahu goreng,https://cdn1-production-images-kly.akamaized.net/lEfaxgTV-IC95tpWPKruxPCRJtM=/0x495:5209x3431/1200x675/filters:quality(75):strip_icc():format(jpeg)/kly-media-production/medias/2777513/original/099108000_1555127683-shutterstock_274992365.JPG,0,Low Carb
1188,328.0,12.6,19.9,24.6,Tahu telur,https://o-cdf.oramiland.com/unsafe/cnc-magazine.oramiland.com/parenting/original_images/Resep_Tahu_Telur_Khas_Jawa_Timur.jpg,1,Snack
1190,120.0,1.5,0.30000000000000004,28.2,Talas kukus,"https://ik.imagekit.io/tvlk/blog/2024/05/shutterstock_2331145033.jpg?tr=dpr-2,w-675",0,Healthy
1195,166.0,10.4,4.9,24.1,Taoco,https://cdn.grid.id/crop/0x0:0x0/700x465/photo/bobofoto/original/4090_bumbu-taoco-hasil-fermentasi-kedelai-foto-resepkokiid.jpg,0,Snack
1198,28.0,3.0,0.8,4.0,Tumis toge,https://www.dapurkobe.co.id/wp-content/uploads/tumis-toge-teri.jpg,0,Low Carb
1202,166.0,3.8,1.0,34.4,Tapai ketan hitam,https://d1vbn70lmn1nqe.cloudfront.net/prod/wp-content/uploads/2022/11/14105431/Adakah-Manfaat-Tape-Ketan-Hitam-bagi-Kesehatan-Ini-Faktanya.jpg,0,Snack
1203,172.0,3.0,0.5,37.5,Tapai ketan putih,https://rajominang.id/blog/uploads/images/202504/image_750x_67f6996169d3d.jpg,0,Snack
1204,169.0,1.4,0.30000000000000004,40.2,Tapai singkong,https://res.cloudinary.com/dk0z4ums3/image/upload/v1674095060/attached_image/7-manfaat-tape-singkong-untuk-kesehatan-yang-perlu-diketahui.jpg,0,Snack
1209,132.0,19.5,0.7000000000000001,67.8,Teh,https://images.alodokter.com/dk0z4ums3/image/upload/v1763624419/attached_image/8-manfaat-minum-teh-tanpa-gula-untuk-kesehatan-tubuh.jpg,4,High protein
1214,53.0,1.9,0.9,9.4,Tekwan,"https://blue.kumparan.com/image/upload/fl_progressive,fl_lossy,c_fill,f_auto,q_auto:best,w_640/v1602395829/f83ejycym4xfukzyw1kz.jpg",0,Low Carb
1218,383.0,15.1,32.9,8.3,Telur ayam ceplok,https://asset.kompas.com/crops/iCoT-Kr0xhu1V1MGOEhihIfgbYk=/0x0:498x332/750x500/data/photo/2020/02/07/5e3d3ae57251e.jpg,1,High protein
1219,251.0,16.3,19.4,1.4,Telur ayam dadar,https://awsimages.detik.net.id/community/media/visual/2022/05/07/resep-telur-dadar-ayam_43.jpeg?w=700&q=90,1,High protein
1224,320.0,15.1,30.5,0.9,Telur bebek ceplok,https://statik.tempo.co/data/2020/06/02/id_942491/942491_720.jpg,1,High protein
1225,301.0,20.0,23.7,0.0,Telur bebek dadar,https://cdn0-production-images-kly.akamaized.net/1WivGEoDIspEllYaxZHrpqkjEYQ=/1200x675/smart/filters:quality(75):strip_icc():format(webp)/kly-media-production/medias/2468104/original/014966900_1543254943-resep-dadar-telur-bebek-sayur-enak-dan-tidak-amis.jpg,1,High protein
1227,195.0,13.6,13.6,1.4,Telur asin,https://asset.kompas.com/crops/2pq3Gh9tB33koJG0i3C9Bd65utQ=/0x0:1000x667/750x500/data/photo/2020/07/11/5f0970bc01fd5.jpg,0,Low Carb
1234,328.0,18.4,23.2,12.8,Tempe goreng,https://cnc-magazine.oramiland.com/parenting/original_images/tempeh-tempe-goreng-fried-tempeh-is-indonesia-traditional-food-made-from-.jpeg,1,High protein
1245,240.0,6.0,2.7,49.3,Tempe sayur,https://i.ytimg.com/vi/Z9tgxquQCXw/maxresdefault.jpg,4,Snack
1277,365.0,23.7,22.3,17.5,Teri balado,https://img-global.cpcdn.com/recipes/a1564a82265869c0/1200x630cq80/photo.jpg,1,High protein
1280,285.0,4.3,25.7,9.5,Terong oncom,https://asset-a.grid.id/crop/0x0:0x0/700x465/photo/2018/11/01/3283397597.jpg,1,Low Carb
1289,23.0,1.8,0.1,4.9,Terong kukus,https://i1.wp.com/dailymakan.com/wp-content/uploads/2022/02/TERUNG-KUKUS-ALA-KOREA-6.jpg?ssl=1,0,Low Carb
1295,353.0,2.4,1.1,83.4,Tiwul,https://spka7madiun.id/assets/uploads/2022/05/tiwul-700x460.jpeg,4,Snack
1297,392.0,5.4,28.5,28.4,Toge tahu,https://awsimages.detik.net.id/community/media/visual/2021/09/21/resep-tumis-tahu-kuning-dan-tauge.jpeg?w=1200,1,Snack
1298,93.6,4.4,1.8,15.1,Toge goreng,https://www.senibudayabetawi.com/wp-content/uploads/2024/11/55ee220c-cf46-492e-8d45-58bc5fd972b2.webp,0,Healthy
1307,189.0,11.3,15.7,0.6000000000000001,Tumis bandeng,https://img.okezone.com/content/2018/04/26/298/1891625/kacang-panjang-tumis-tauge-dan-bandeng-bumbu-acar-menu-makan-siang-yang-sempurna-fPgLm3B8Js.jpg,0,Low Carb
1308,48.0,1.4,4.2,2.6,Tumis bayam bersantan,https://cdn1-production-images-kly.akamaized.net/4a0ttXDkFeMMNthY5iFfBhug3Ys=/1200x675/smart/filters:quality(75):strip_icc():format(webp)/kly-media-production/medias/3437424/original/069907400_1619146736-Bobor_Bayam_Jagung.jpg,0,Low Carb
1309,186.0,1.9,0.2,44.3,Ubi cilembu,https://d1vbn70lmn1nqe.cloudfront.net/prod/wp-content/uploads/2024/08/22064920/Ini-Kandungan-Nutrisi-Ubi-Cilembu-dan-Manfaatnya-untuk-Kesehatan.jpg,0,Snack
1310,160.0,3.7,1.3,55.3,Ubi jalar goreng,https://i.ytimg.com/vi/MfXu4mWgCiw/maxresdefault.jpg,4,Snack
1311,100.0,0.7000000000000001,0.30000000000000004,23.8,Ubi jalar kukus,https://img-global.cpcdn.com/recipes/96d4a66b6b3523c4/1200x630cq70/photo.jpg,0,Healthy
1335,303.0,6.3,2.7,63.3,Wajit,https://img.freepik.com/premium-photo/wajik-wajit-ngora-is-traditional-indonesian-snack-made-with-steamed-sticky-glutinous-rice-cooked-palm-sugar-coconut-milk-pandan-leaves_511235-8790.jpg,4,Snack
1337,424.0,1.3,10.7,80.7,Widaran,https://blog.tokowahab.com/wp-content/uploads/2024/09/Cara-Membuat-Resep-Kue-Widaran-Manis-Tepung-Ketan-Praktis.jpg,4,Snack
1339,355.0,3.2,15.1,51.4,Wingko babat,https://d1vbn70lmn1nqe.cloudfront.net/prod/wp-content/uploads/2023/07/31022317/Ternyata-Mudah-Ini-Cara-Membuat-Wingko-Babat-untuk-Camilan-.jpg.webp,4,Snack
1341,452.0,14.5,42.3,2.3,Sosis sapi bratwurst,https://www.wikihow.com/images/9/9f/Cook-Sausages-Step-20-Version-6.jpg,1,Low Carb
1344,28.0,0.7000000000000001,0.5,6.3,Wortel rebus,https://png.pngtree.com/thumb_back/fw800/background/20250323/pngtree-steaming-hot-boiled-carrots-closeup-shot-for-healthy-cuisine-garnish-photo-photo-image_68919224.webp,0,Low Carb
1345,254.0,3.0,1.1,58.1,Yangko,https://serikatnews.com/wp-content/uploads/2022/12/yangko-giant.jpg,4,Snack
1346,52.0,3.3,2.5,4.0,Yoghurt,https://d1vbn70lmn1nqe.cloudfront.net/prod/wp-content/uploads/2022/08/04071319/Inilah-Alasan-Greek-Yogurt-Menjadi-Cemilan-Sehat.jpg,0,Low Carb
